Codon,Codon Count
AAA,303
AAC,212
AAG,110
AAT,260
ACA,249
ACC,150
ACG,60
ACT,220
AGA,277
AGC,141
AGG,123
AGT,197
ATA,116
ATC,112
ATG,117
ATT,208
CAA,233
CAC,160
CAG,92
CAT,172
CCA,115
CCC,42
CCG,28
CCT,107
CGA,31
CGC,40
CGG,33
CGT,54
CTA,110
CTC,78
CTG,80
CTT,208
GAA,186
GAC,123
GAG,84
GAT,167
GCA,116
GCC,68
GCG,22
GCT,169
GGA,112
GGC,84
GGG,49
GGT,149
GTA,121
GTC,101
GTG,93
GTT,233
TAA,342
TAC,227
TAG,128
TAT,278
TCA,173
TCC,75
TCG,34
TCT,190
TGA,304
TGC,268
TGG,263
TGT,367
TTA,232
TTC,210
TTG,178
TTT,383
