Codon,Codon Count
ATT,208
CTT,208
GTT,233
TAT,278
AAA,303
CAA,233
AAC,212
CAC,160
GAA,186
AAG,110
CAG,92
GAC,123
GAG,84
TGA,304
TGC,268
TCA,173
AAT,260
TCC,75
TGG,263
CAT,172
TCG,34
GAT,167
TTA,232
TGT,367
TTC,210
TCT,190
TTG,178
TTT,383
AGA,277
CGA,31
AGC,141
CGC,40
ACA,249
GGA,112
CCA,115
AGG,123
ACC,150
CCC,42
CGG,33
GGC,84
GCA,116
ACG,60
CCG,28
GCC,68
GGG,49
GCG,22
ATA,116
AGT,197
ATC,112
CGT,54
CTA,110
ACT,220
CTC,78
ATG,117
GGT,149
TAA,342
GTA,121
CCT,107
TAC,227
GTC,101
CTG,80
GCT,169
GTG,93
TAG,128
